"Insert_Order","employee_nicename","employee_display_name","employee_email","employer_nicename","employer_display_name","interview_status","date_created"
1,"john_doe","John Doe","priyaranajnsamalniis@gmail.com","jane_smith","Jane Smith","REQUESTED","2024-08-03T12:34:56Z"
1,"john_doe","John Doe","priyaranajnsamalniis@gmail.com","jane_smith","Jane Smith","REQUESTED","2024-08-03T12:34:56Z"
1,"john_doe","John Doe","john.doe@example.com","jane_smith","Jane Smith","REQUESTED","2024-08-03T12:34:56Z"
1,"john_doe","John Doe","john.doe@example.com","jane_smith","Jane Smith","REQUESTED","2024-08-03T12:34:56Z"
1,"john_doe","John Doe","priyaranjansamalniis@gmail.com","jane_smith","Jane Smith","REQUESTED","2024-08-03T12:34:56Z"
1,"john_doe","John Doe","priyaranjansamalniis@gmail.com","jane_smith","Jane Smith","REQUESTED","2024-08-03T12:34:56Z"












